{"mean": [4.528375, 0.4970625, 5.0981084885191015, 4.87261523526726, 1.00125], "scale": [2.8632926604479323, 0.4999913710192907, 2.8681477827321467, 1.2657433960709699, 0.8147842889378758], "feature_names": ["Breed", "Sex", "Age (Years)", "Weight (kg)", "Energy Level"]}